Country,Year,Status,Life_expectancy_,Adult_Mortality,infant_deaths,Alcohol,percentage_expenditure,Hepatitis_B,Measles_,_BMI_,under-five_deaths_,Polio,Total_expenditure,Diphtheria_,_HIV/AIDS,GDP,Population,_thinness__1-19_years,_thinness_5-9_years,Income_composition_of_resources,Schooling
Australia,2000,Developed,79.5,78,1,10.17,347.18736,,108,58.2,2,9,8.8,9,0.1,2169.921,19153,0.7,0.7,0.897,20.4
Australia,2001,Developed,79.9,75,1,9.53,3064.301144,94,141,59,2,91,8.18,92,0.1,19517.84168,19413,0.7,0.7,0.899,20.5
Australia,2002,Developed,79.9,73,1,9.84,46.3871819,95,32,59.6,2,92,8.39,92,0.1,281.81763,196514,0.7,0.7,0.902,20.1
Australia,2003,Developed,83,71,1,9.97,3829.550928,95,91,6.3,1,92,8.32,93,0.1,23465.38559,198954,0.7,0.7,0.905,20.6
Australia,2004,Developed,86,69,1,9.84,588.568371,95,70,6.9,1,92,8.57,92,0.1,3472.37977,21274,0.7,0.6,0.908,20.7
Australia,2005,Developed,81,67,1,10.3,579.1331637,95,10,61.5,2,92,8.45,92,0.1,3416.71483,23948,0.7,0.6,0.91,20.3
Australia,2006,Developed,81.2,66,1,10.31,6187.062017,95,0,62,2,92,8.49,92,0.1,36118.28381,26979,0.7,0.6,0.915,20.3
Australia,2007,Developed,81.3,66,1,10.56,872.5986092,94,11,62.5,2,92,8.53,92,0.1,4991.98289,28276,0.7,0.6,0.918,19
Australia,2008,Developed,81.3,66,1,10.76,8547.292357,94,65,62.9,1,92,8.78,92,0.1,49664.6854,212492,0.7,0.6,0.921,19.1
Australia,2009,Developed,81.7,66,1,10.62,7172.275229,94,104,63.4,1,92,9.5,92,0.1,42742.99898,216917,0.7,0.6,0.925,19.1
Australia,2010,Developed,81.9,64,1,10.52,8875.786493,92,70,63.9,1,92,9.2,92,0.1,51874.848,223175,0.7,0.6,0.927,19.5
Australia,2011,Developed,82,63,1,10.3,10986.26527,92,190,64.4,1,92,9.2,92,0.1,62245.129,223424,0.6,0.6,0.927,19.8
Australia,2012,Developed,82.3,61,1,10.03,11714.99858,91,199,65,1,92,9.36,92,0.1,67677.63477,22728254,0.6,0.6,0.93,20.1
Australia,2013,Developed,82.5,61,1,9.87,11734.85381,91,158,65.5,1,91,9.36,91,0.1,67792.3386,23117353,0.6,0.6,0.933,20.3
Australia,2014,Developed,82.7,6,1,9.71,10769.36305,91,340,66.1,1,92,9.42,92,0.1,62214.6912,2346694,0.6,0.6,0.936,20.4
Australia,2015,Developed,82.8,59,1,,0,93,74,66.6,1,93,,93,0.1,56554.3876,23789338,0.6,0.6,0.937,20.4
Democratic Republic of the Congo,2000,Developing,51.3,346,226,1.98,0,,8282,14.9,332,42,1.45,4,2.5,,,12.4,12.3,,
Democratic Republic of the Congo,2001,Developing,51.8,34,227,1.9,0,,8072,15.3,332,3,2.67,3,2.4,,,12.2,12.1,,
Democratic Republic of the Congo,2002,Developing,52.1,341,229,1.85,0,,30466,15.7,331,4,2.59,38,2.4,,,12.1,11.9,,
Democratic Republic of the Congo,2003,Developing,52.8,332,231,1.83,0,,21956,16.1,331,47,3.2,41,2.2,,,11.9,11.7,,
Democratic Republic of the Congo,2004,Developing,53.5,323,232,1.44,0,,44934,16.5,330,52,3.34,54,2.1,,,11.7,11.5,,
Democratic Republic of the Congo,2005,Developing,54.3,314,233,1.43,0,,182485,16.9,329,6,3.14,6,2,,,11.5,11.3,,
Democratic Republic of the Congo,2006,Developing,55,36,235,1.53,0,,80123,17.3,327,62,3.39,62,2,,,11.3,11.1,,
Democratic Republic of the Congo,2007,Developing,55.7,299,236,1.52,0,7,55577,17.8,326,72,3.61,7,1.9,,,11.1,1.9,,
Democratic Republic of the Congo,2008,Developing,56.3,295,237,2.09,0,65,12461,18.2,324,64,4.46,65,1.8,,,1.8,1.7,,
Democratic Republic of the Congo,2009,Developing,56.7,292,238,2.13,0,72,57,18.6,323,78,5.61,72,1.7,,,1.6,1.4,,
Democratic Republic of the Congo,2010,Developing,57.4,283,239,1.81,0,6,5407,19.1,321,76,4.4,6,1.6,,,1.4,1.2,,
Democratic Republic of the Congo,2011,Developing,57.9,278,239,1.82,0,74,133802,19.6,319,77,3.53,74,1.6,,,1.2,1,,
Democratic Republic of the Congo,2012,Developing,58.3,277,239,0.01,0,75,72029,2.1,317,76,3.77,75,1.5,,,1,9.8,,
Democratic Republic of the Congo,2013,Developing,58.8,272,238,0.01,0,74,88381,2.6,314,74,3.89,74,1.2,,,9.9,9.6,,
Democratic Republic of the Congo,2014,Developing,59.3,266,237,0.01,0,8,33711,21.1,312,79,4.33,8,1.1,,,9.7,9.5,,
Democratic Republic of the Congo,2015,Developing,59.8,258,236,,0,81,5020,21.6,308,78,,81,1.1,,,9.5,9.3,,
Germany,2002,Developed,78.4,91,3,12.25,437.1059663,87,4657,56.1,4,97,1.4,93,0.1,2525.16445,82488495,1.2,1.1,0.867,16.3
Germany,2003,Developed,78.5,9,3,11.92,582.6157028,9,779,56.6,4,96,1.62,97,0.1,3359.95215,82534176,1.1,1.1,0.872,16.3
Germany,2015,Developed,81,68,2,,0,88,2464,62.3,3,94,,95,0.1,41176.88158,81686611,1.1,1.1,0.924,17.1
Germany,2014,Developed,89,69,2,11.03,941.7562909,88,443,61.9,3,94,11.3,95,0.1,4792.65288,89825,1.1,1.1,0.92,17
Germany,2012,Developed,86,71,2,11.18,839.91332,88,166,6.9,3,94,1.99,95,0.1,4465.24891,8425823,1.1,1.1,0.916,16.9
Germany,2013,Developed,86,71,2,10.94,895.8779503,88,1771,61.4,3,94,11.16,95,0.1,4653.91143,864565,1.1,1.1,0.919,16.9
Germany,2011,Developed,85,74,2,11.2,869.790735,88,1607,6.4,3,94,1.93,95,0.1,4681.32796,8274983,1.1,1.1,0.912,16.8
Germany,2001,Developed,78.3,92,3,12.46,4057.637383,86,6024,55.6,4,96,1.15,93,0.1,23687.31689,82349925,1.2,1.1,0.86,16.2
Germany,2000,Developed,78,95,3,12.91,4238.540035,84,0,55.1,4,94,1.1,9,0.1,23718.7467,8221158,1.2,1.2,0.855,16.2
Germany,2004,Developed,79.1,86,3,11.83,5842.374765,88,121,57.1,3,96,1.37,96,0.1,34165.9343,8251626,1.1,1.1,0.877,16.4
Germany,2005,Developed,79.2,85,3,11.67,6012.92584,9,778,57.6,3,95,1.52,96,0.1,34696.6292,82469422,1.1,1.1,0.884,16.4
Germany,2006,Developed,79.6,84,3,11.76,6407.535954,87,2307,58,3,94,1.34,96,0.1,36447.87232,82376451,1.1,1.1,0.892,16.5
Germany,2009,Developed,80,79,2,11.22,7641.270645,88,574,59.5,3,95,11.4,96,0.1,41732.7725,819237,1.1,1.1,0.906,16.7
Germany,2010,Developed,81,76,2,11.2,7584.078579,88,780,59.9,3,94,11.25,95,0.1,41785.55691,8177693,1.1,1.1,0.907,16.7
Germany,2007,Developed,79.8,82,3,11.5,7777.556353,86,567,58.5,3,95,1.18,96,0.1,41814.8191,82266372,1.1,1.1,0.898,16.6
Germany,2008,Developed,79.9,8,2,11.36,8285.264655,87,917,59,3,95,1.39,96,0.1,45699.19832,821197,1.1,1.1,0.903,16.6
India,2000,Developing,62.5,224,1800,0.93,19.26615743,,38835,11.4,2500,57,4.26,58,0.3,438.864634,1535912,27.7,28.6,0.489,8.3
India,2001,Developing,62.9,222,1800,1,19.00340606,,51780,11.8,2400,58,4.5,59,0.3,447.138966,171477855,27.5,28.5,0.494,8.3
India,2002,Developing,63.3,219,1700,1.1,17.81205644,,40044,12.2,2300,58,4.4,59,0.3,466.2842,18987112,27.4,28.4,0.499,8.4
India,2003,Developing,63.7,216,1700,1.19,19.4808682,,47147,12.6,2200,57,4.3,61,0.3,541.1352279,11827848,27.3,28.3,0.505,8.6
India,2004,Developing,64,214,1600,1.2,27.33800857,6,55443,13,2100,58,4.22,63,0.3,621.3183767,1126135777,27.2,28.2,0.518,9.2
India,2005,Developing,64.4,211,1500,1.27,3.5096369,8,36711,13.5,2000,65,4.28,65,0.3,77.819,1144118674,27.2,28.1,0.526,9.4
India,2006,Developing,64.8,28,1500,1.37,34.85942671,6,64185,13.9,2000,66,4.25,65,0.3,792.259698,1161977719,27.1,28,0.536,9.7
India,2007,Developing,65.2,26,1400,1.59,5.234770324,6,41144,14.4,1900,67,4.23,64,0.3,118.166373,1179681239,27.1,28,0.546,9.9
India,2008,Developing,65.5,23,1300,1.93,43.03043312,29,44258,14.9,1800,69,4.34,7,0.3,991.484634,119714696,27,27.9,0.556,10.2
India,2009,Developing,66,2,1300,2.5,0.844186331,37,56188,15.4,1700,73,4.38,74,0.2,19.317765,121427132,27,27.8,0.563,10.5
India,2010,Developing,66.4,196,1200,2.77,57.73359864,38,31458,15.9,1600,76,4.28,79,0.2,1345.77153,12398691,27,27.8,0.569,10.4
India,2011,Developing,66.8,193,1100,3,64.6059005,44,33634,16.4,1500,79,4.33,82,0.2,1461.671957,124723629,26.9,27.7,0.58,10.8
India,2012,Developing,67.3,19,1100,3.1,64.96964491,73,18668,17,1400,79,4.39,82,0.2,1446.98541,126365852,26.9,27.6,0.59,11.3
India,2013,Developing,67.6,187,1000,3.11,67.67230438,7,13822,17.5,1300,82,4.53,83,0.2,1452.195373,127856227,26.8,27.5,0.599,11.5
India,2014,Developing,68,184,957,3.07,86.52153895,79,79563,18.1,1200,84,4.69,85,0.2,1573.11889,1293859294,26.8,27.4,0.607,11.6
India,2015,Developing,68.3,181,910,,0,87,90387,18.7,1100,86,,87,0.2,1613.18878,1395398,26.7,27.3,0.615,11.6
Luxembourg,2000,Developed,77.8,98,0,13.14,8246.130437,77,0,54,0,99,7.48,99,0.1,48735.99549,4363,1,1,0.848,13.5
Luxembourg,2001,Developed,78,96,0,12.89,7877.33656,86,0,54.6,0,99,7.4,99,0.1,48179.4285,441525,1,1,0.854,13.4
Luxembourg,2002,Developed,78.3,95,0,12.91,910.5062778,95,0,55.2,0,99,8.27,99,0.1,5293.64115,446175,1,0.9,0.86,13.5
Luxembourg,2003,Developed,78.6,92,0,12.61,10111.38928,95,1,55.8,0,99,7.67,98,0.1,65445.8853,45163,1,0.9,0.865,13.6
Luxembourg,2004,Developed,78.7,92,0,12.42,12372.05188,94,0,56.4,0,99,8.2,99,0.1,75716.3518,45895,1,0.9,0.867,13.5
Luxembourg,2005,Developed,78.8,9,0,11.84,1346.246697,95,0,57,0,99,7.95,99,0.1,8289.69641,465158,1,0.9,0.874,13.5
Luxembourg,2006,Developed,79.4,85,0,11.98,15345.4907,95,8,57.5,0,99,7.75,99,0.1,89739.7117,472637,0.9,0.9,0.88,13.5
Luxembourg,2007,Developed,79.7,82,0,11.75,267.051312,87,0,57.9,0,96,6.8,99,0.1,1618.4928,479993,0.9,0.9,0.877,13.5
Luxembourg,2008,Developed,80,8,0,11.53,18961.3486,94,1,58.4,0,96,7.34,99,0.1,114293.8433,48865,0.9,0.9,0.887,13.5
Luxembourg,2009,Developed,83,76,0,11.42,2052.393076,95,0,58.8,0,96,8.11,99,0.1,13198.6693,497783,0.9,0.9,0.888,13.5
Luxembourg,2010,Developed,86,73,0,11.36,2267.252192,94,0,59.2,0,96,7.68,99,0.1,14965.361,56953,0.9,0.9,0.884,13.7
Luxembourg,2011,Developed,88,72,0,11.5,17028.52798,95,6,59.6,0,96,7.34,99,0.1,115761.577,518347,0.9,0.9,0.894,13.9
Luxembourg,2012,Developed,81.1,7,0,11.34,2284.58215,94,2,6.1,0,99,7.18,99,0.1,16749.136,53946,0.9,0.9,0.892,13.9
Luxembourg,2013,Developed,81.4,68,0,11.02,15515.75234,94,0,6.5,0,99,7.1,99,0.1,113751.85,54336,0.9,0.9,0.892,13.9
Luxembourg,2014,Developed,81.7,65,0,11.12,16255.16198,94,0,6.9,0,99,6.94,99,0.1,119172.7418,556319,1,0.9,0.892,13.9
Luxembourg,2015,Developed,82,63,0,,0,94,0,61.3,0,99,,99,0.1,1199.8223,56964,1,0.9,0.896,13.9
Nigeria,2000,Developing,47.1,45,576,9.23,22.48177606,,212183,16.9,943,31,2.84,29,4.9,379.1193264,1223529,14.3,14.4,0,7.6
Nigeria,2001,Developing,47.4,48,574,9.58,15.830985,,168107,17.3,936,36,3.25,27,5.1,351.7996666,125463434,14.1,14.1,0,8
Nigeria,2002,Developing,47.7,49,571,9.61,17.137754,,42007,17.8,928,4,2.43,25,5.3,459.4572117,12866671,13.8,13.8,0,7.7
Nigeria,2003,Developing,48.1,41,567,9.75,30.19550849,,141258,18.3,918,42,4.5,29,5.4,512.65719,131972533,13.5,13.6,0,8.1
Nigeria,2004,Developing,48.5,47,563,9.76,57.22555815,,31521,18.8,907,43,4.33,33,5.4,648.815852,135393616,13.2,13.2,0.445,8.5
Nigeria,2005,Developing,49.2,4,556,9.71,6.416252787,18,110927,19.3,893,45,4.11,36,5.4,87.8938738,138939478,12.9,12.9,0.463,8.9
Nigeria,2006,Developing,49.8,396,549,9.66,10.35779424,27,704,19.9,879,46,3.66,4,5.3,119.743286,14261494,12.6,12.6,0.466,9
Nigeria,2007,Developing,55,388,542,9.55,104.4746444,42,2613,2.4,863,54,4.47,42,5.2,1136.829645,14641724,12.3,12.3,0.477,9.1
Nigeria,2008,Developing,59,386,536,9.3,105.5910629,41,9960,21,848,6,4,53,5,1383.893354,1534739,12,11.9,0.481,9.2
Nigeria,2009,Developing,51.6,376,527,9.05,14.5676468,63,1272,21.6,832,66,4.24,63,4.9,197.661422,15442181,11.7,11.6,0.487,9.3
Nigeria,2010,Developing,52,374,521,8.9,133.1230872,49,8491,22.2,817,54,3.47,54,4.8,2327.3267,158578261,11.3,11.2,0.492,9.5
Nigeria,2011,Developing,52.3,375,513,8.75,187.5733187,46,18843,22.8,802,48,3.69,48,4.7,2527.9423,16287776,11,1.9,0.5,9.6
Nigeria,2012,Developing,52.7,374,505,8.54,204.7186256,42,6447,23.5,788,42,3.3,42,4.4,2755.297787,167297284,1.7,1.6,0.507,9.7
Nigeria,2013,Developing,53.2,367,498,8.3,194.2032879,46,52852,24.1,773,46,3.7,46,3.9,2996.96432,17182933,1.4,1.2,0.514,9.8
Nigeria,2014,Developing,53.6,362,490,0.01,263.2111031,49,6855,24.7,759,49,3.67,49,3.9,3221.678128,1764652,1.1,9.9,0.521,10
Nigeria,2015,Developing,54.5,344,483,,0,49,12423,25.4,747,49,,49,3.7,2655.157977,181181744,9.8,9.7,0.525,10
Singapore,2000,Developed,78.3,78,0,2.03,1855.828806,97,141,28.5,0,98,2.71,98,0.1,23792.677,,2.1,2,0.81,12.5
Singapore,2001,Developed,78.7,76,0,2.08,1003.366877,95,408,28.9,0,95,2.37,96,0.1,21577.7823,,2.1,2,0.82,12.7
Singapore,2002,Developed,79,74,0,2.16,142.0989818,95,211,29.2,0,94,2.84,94,0.1,2216.83279,,2.1,2,0.818,12.6
Singapore,2003,Developed,79.3,73,0,1.43,2263.068326,95,33,29.6,0,96,3.63,96,0.1,23573.6284,,2.1,2,0.819,12.7
Singapore,2004,Developed,79.7,71,0,1.45,204.2481892,94,96,29.9,0,95,3.17,95,0.1,2745.27136,,2.1,2,0.82,12.7
Singapore,2005,Developed,82,69,0,1.49,2356.731479,96,33,3.2,0,96,3.74,96,0.1,29869.85398,,2.1,2,0.821,12.6
Singapore,2006,Developed,87,66,0,1.55,2639.376955,95,23,3.5,0,95,3.66,95,0.1,33579.85948,,2.1,2,0.839,13.9
Singapore,2007,Developed,81.1,65,0,1.6,3082.973535,96,15,3.9,0,97,3.46,97,0.1,39223.58187,,2.1,2,0.873,14.1
Singapore,2008,Developed,81.4,64,0,1.7,3404.13099,97,18,31.2,0,97,3.91,97,0.1,39721.4818,,2.1,2.1,0.88,14.2
Singapore,2009,Developed,81.7,62,0,1.73,462.9306986,96,16,31.5,0,97,4.27,97,0.1,38577.55822,,2.1,2.1,0.887,14.4
Singapore,2010,Developed,82,61,0,1.84,4540.543752,96,50,31.8,0,96,3.96,96,0.1,46569.67951,,2.1,2.1,0.889,14.5
Singapore,2011,Developed,82.2,6,0,1.8,638.0001097,96,148,32.1,0,96,3.93,96,0.1,53166.67581,,2.1,2.1,0.911,15.2
Singapore,2012,Developed,82.5,59,0,1.89,6041.858981,97,42,32.4,0,97,4.22,97,0.1,54431.16199,,2.2,2.1,0.917,15.4
Singapore,2013,Developed,82.7,57,0,1.83,714.3441019,97,138,32.7,0,97,4.53,97,0.1,5629.18914,,2.2,2.2,0.92,15.4
Singapore,2014,Developed,82.9,56,0,1.83,7971.646361,96,0,32.9,0,96,4.92,96,0.1,56336.7234,,2.2,2.2,0.922,15.4
Singapore,2015,Developed,83.1,55,0,1.79,0,96,0,33.2,0,96,,96,0.1,53629.73746,,2.2,2.2,0.924,15.4
Uganda,2000,Developing,46.6,554,116,10.47,22.59447461,,42554,13,191,55,6.77,52,11.6,257.63369,2439274,7,7,0.382,9.8
Uganda,2001,Developing,47.7,539,115,10.57,26.97625217,,48543,13.3,187,56,7.26,55,10.8,234.984775,24854892,6.9,6.9,0.396,10.8
Uganda,2002,Developing,48.8,523,112,10.42,2.690897842,29,49871,13.6,181,57,7.78,57,10,24.2423229,2571848,6.8,6.8,0.404,11
Uganda,2003,Developing,51,53,109,10.16,4.426792406,44,29429,13.9,173,57,7.54,59,9.4,237.9995917,2662482,6.7,6.7,0.418,11.5
Uganda,2004,Developing,51.3,485,104,9.89,36.60609252,62,141,14.2,164,58,8.9,62,8.9,288.236949,27568436,6.6,6.6,0.427,11.6
Uganda,2005,Developing,53.2,446,99,10.09,44.52614001,64,22,14.5,155,59,9.36,64,8.7,315.788227,2854394,6.5,6.5,0.429,10.9
Uganda,2006,Developing,54.9,41,93,9.81,50.83901418,64,5736,14.8,145,62,9.86,64,8.6,336.4593923,2955662,6.4,6.4,0.434,10.6
Uganda,2007,Developing,55.5,41,88,9.65,6.002527685,73,3776,15.2,137,7,9.76,73,8.4,41.858631,359487,6.3,6.3,0.442,10.3
Uganda,2008,Developing,56.3,41,84,9.79,72.85023656,71,1319,15.6,130,69,9.1,71,8.2,449.6928183,31663896,6.2,6.2,0.453,10.6
Uganda,2009,Developing,57.5,378,82,9.63,87.04534954,79,1601,15.9,124,78,8.43,79,8.1,647.17732,32771895,6.1,6.1,0.464,10.8
Uganda,2010,Developing,58.4,362,79,10.03,116.202964,8,1313,16.3,119,79,11.2,8,8,594.9972557,33915133,6,6,0.473,10.9
Uganda,2011,Developing,59.3,347,76,10.22,94.49686776,82,3312,16.7,114,82,9.9,82,6.8,584.3962137,3593648,5.9,5.9,0.477,10.7
Uganda,2012,Developing,60,339,73,0.01,92.88697859,78,2027,17.2,109,82,7.58,78,4.6,647.74741,3636796,5.8,5.8,0.477,10
Uganda,2013,Developing,67,325,71,0.01,90.76144414,78,7878,17.6,103,82,7.47,78,4,662.492293,37553726,5.7,5.7,0.478,10
Uganda,2014,Developing,61.5,38,68,0.01,14.16770158,78,314,18.1,97,82,7.22,78,3.2,719.172669,38833338,5.7,5.6,0.483,10
Uganda,2015,Developing,62.3,291,66,,0,78,478,18.5,93,82,,78,3.1,693.8963829,414487,5.6,5.6,0.488,10
Slovakia,2000,Developed,73,147,0,11.06,0,98,0,5.7,1,98,5.5,99,0.1,,,1.6,1.7,0.761,13
Slovakia,2001,Developed,73.3,145,0,10.73,0,99,0,51.1,1,99,5.5,99,0.1,,,1.5,1.6,0.763,13.3
Slovakia,2002,Developed,73.7,145,0,10.78,0,99,0,51.6,0,98,5.63,99,0.1,,,1.5,1.6,0.763,13.3
Slovakia,2003,Developed,73.8,144,0,9.85,0,99,1,52.1,0,98,5.82,99,0.1,,,1.5,1.6,0.771,13.6
Slovakia,2004,Developed,74.1,138,0,10.03,0,99,2,52.6,0,99,7.21,99,0.1,,,1.4,1.5,0.776,13.8
Slovakia,2005,Developed,74,141,0,10.81,0,99,0,53.1,0,99,7.4,99,0.1,,,1.4,1.5,0.784,14
Slovakia,2006,Developed,74.3,138,0,10.28,0,99,0,53.7,0,99,7.35,99,0.1,,,1.4,1.5,0.793,14.3
Slovakia,2007,Developed,74.4,14,0,10.58,0,99,0,54.2,0,99,7.76,99,0.1,,,1.3,1.4,0.802,14.5
Slovakia,2008,Developed,74.7,136,0,11.37,0,99,0,54.8,0,99,8.2,99,0.1,,,1.3,1.4,0.813,14.8
Slovakia,2009,Developed,75,131,0,10.63,0,99,0,55.3,0,99,9.15,99,0.1,,,1.3,1.4,0.82,14.9
Slovakia,2010,Developed,75.1,124,0,10.13,0,99,0,55.9,0,99,8.51,99,0.1,,,1.3,1.3,0.822,15
Slovakia,2011,Developed,75.6,122,0,10.24,0,99,0,56.5,0,99,7.96,99,0.1,,,1.2,1.3,0.829,15
Slovakia,2012,Developed,75.8,118,0,10.12,0,99,0,57.2,0,99,8.15,99,0.1,,,1.2,1.3,0.835,15
Slovakia,2013,Developed,76.1,114,0,9.89,0,98,0,57.8,0,98,8,98,0.1,,,1.2,1.3,0.838,15
Slovakia,2014,Developed,76.4,113,0,10.6,0,97,0,58.4,0,97,8.5,97,0.1,,,1.2,1.2,0.841,15.1
Slovakia,2015,Developed,76.7,19,0,,0,96,1,59.1,0,96,,96,0.1,,,1.2,1.2,0.842,15
Uganda,2000,Developing,46.6,554,116,10.47,22.59447461,,42554,13,191,55,6.77,52,11.6,257.63369,2439274,7,7,0.382,9.8
Uganda,2001,Developing,47.7,539,115,10.57,26.97625217,,48543,13.3,187,56,7.26,55,10.8,234.984775,24854892,6.9,6.9,0.396,10.8
Uganda,2002,Developing,48.8,523,112,10.42,2.690897842,29,49871,13.6,181,57,7.78,57,10,24.2423229,2571848,6.8,6.8,0.404,11
Uganda,2003,Developing,51,53,109,10.16,4.426792406,44,29429,13.9,173,57,7.54,59,9.4,237.9995917,2662482,6.7,6.7,0.418,11.5
Uganda,2004,Developing,51.3,485,104,9.89,36.60609252,62,141,14.2,164,58,8.9,62,8.9,288.236949,27568436,6.6,6.6,0.427,11.6
Uganda,2005,Developing,53.2,446,99,10.09,44.52614001,64,22,14.5,155,59,9.36,64,8.7,315.788227,2854394,6.5,6.5,0.429,10.9
Uganda,2006,Developing,54.9,41,93,9.81,50.83901418,64,5736,14.8,145,62,9.86,64,8.6,336.4593923,2955662,6.4,6.4,0.434,10.6
Uganda,2007,Developing,55.5,41,88,9.65,6.002527685,73,3776,15.2,137,7,9.76,73,8.4,41.858631,359487,6.3,6.3,0.442,10.3
Uganda,2008,Developing,56.3,41,84,9.79,72.85023656,71,1319,15.6,130,69,9.1,71,8.2,449.6928183,31663896,6.2,6.2,0.453,10.6
Uganda,2009,Developing,57.5,378,82,9.63,87.04534954,79,1601,15.9,124,78,8.43,79,8.1,647.17732,32771895,6.1,6.1,0.464,10.8
Uganda,2010,Developing,58.4,362,79,10.03,116.202964,8,1313,16.3,119,79,11.2,8,8,594.9972557,33915133,6,6,0.473,10.9
Uganda,2011,Developing,59.3,347,76,10.22,94.49686776,82,3312,16.7,114,82,9.9,82,6.8,584.3962137,3593648,5.9,5.9,0.477,10.7
Uganda,2012,Developing,60,339,73,0.01,92.88697859,78,2027,17.2,109,82,7.58,78,4.6,647.74741,3636796,5.8,5.8,0.477,10
Uganda,2013,Developing,67,325,71,0.01,90.76144414,78,7878,17.6,103,82,7.47,78,4,662.492293,37553726,5.7,5.7,0.478,10
Uganda,2014,Developing,61.5,38,68,0.01,14.16770158,78,314,18.1,97,82,7.22,78,3.2,719.172669,38833338,5.7,5.6,0.483,10
Uganda,2015,Developing,62.3,291,66,,0,78,478,18.5,93,82,,78,3.1,693.8963829,414487,5.6,5.6,0.488,10
